"set","accuracy"
"training","0.977770108158125"
"calibration","0.959855403348554"
"test","0.959074074074074"
