"type","test.1.csv","test.2.csv","test.3.csv","min"
"weight",60.6384850293398,61.5660665836185,61.8511959537864,"test.1.csv"
"height",171.757073733024,170.659998299088,172.183834079187,"test.2.csv"
