"type","test.1.csv","test.2.csv","test.10.csv","test.5.csv","test.8.csv","min"
"weight",60.6384850293398,61.5660665836185,62.3546121828258,60.2877370454371,60.8651306666434,"test.5.csv"
"height",171.757073733024,170.659998299088,171.550925238989,171.38573208591,173.156219252851,"test.2.csv"
